{
  "loader": "fusion:model",
  "type": "connecting",
  "textures": {
    "all": "fusion_block_transitions:block/gravel_overflow"
  },
  "connections": {
    "type": "or",
    "predicates": [
      {
        "type": "match_block_in_front",
        "block": "gravel"
      },
      {
        "type": "and",
        "predicates": [
          {
            "type": "match_block",
            "block": "gravel"
          },
          {
            "type": "is_face_visible"
          }
        ]
      }
    ]
  },
  "elements": [
    {
      "from": [ 0, 0, 0 ],
      "to": [ 16, 16, 16 ],
      "faces": {
        "up": { "texture": "#all", "cullface": "up" },
        "down": { "texture": "#all", "cullface": "down" },
        "north": { "texture": "#all", "cullface": "north" },
        "east": { "texture": "#all", "cullface": "east" },
        "south": { "texture": "#all", "cullface": "south" },
        "west": { "texture": "#all", "cullface": "west" }
      }
    }
  ]
}
